GeneNames,B.memory_steady-state,B.memory_activated,B.naive_steady-state,B.naive_activated,B.plasma_steady-state,Treg.memory_steady-state,Treg.memory_activated,Treg.naive_steady-state,Treg.naive_activated,T4.naive_steady-state,T4.naive_activated,T4.CM_steady-state,T4.CM_activated,T4.EM_steady-state,T4.EM_activated,T4.EMRA_steady-state,T4.EMRA_activated,Th1_steady-state,Th17_steady-state,Th2_steady-state,T8.naive_steady-state,T8.naive_activated,T8.CM_steady-state,T8.CM_activated,T8.EM_steady-state,T8.EM_activated,T8.EMRA_steady-state,T8.EMRA_activated,mDC_steady-state,mDC_activated,pDC_steady-state,pDC_activated,Mono.classical_steady-state,Mono.classical_activated,Mono.intermediate_steady-state,Mono.nonclassical_steady-state,NK.bright_steady-state,NK.bright_activated,NK.dim_steady-state,NK.dim_activated,Basophil_steady-state,Eosinophil_steady-state,Neutrophil_steady-state
ALCAM,7838.75,66594.25,3514,112626.75,34161.75,14206.5,5400,7480.5,22978.33333,5194.5,15472.75,23214,16231.5,27395.5,18035.625,32181.75,21557,10279.5,17199,12370,12469.25,22336.25,10255.75,4440.5,15599.25,11829.125,17149,11021.75,162587,650894.5,62643.75,81327.75,7846,121716,16882,36907.5,21807.25,1501.333333,12678.5,11165.33333,3802.75,4811.25,11440.5
APLP2,0,0,91.25,0,156.25,0,0,18.5,0,156.75,0,0,0,170.625,0,62.75,0,121.5,33.25,265.5,0,36.75,33,81.25,121.375,116.25,167.25,0,0,0,0,318.5,2842.25,0,2378.75,9410,0,170,152,72.33333333,802.5,104.5,0
APP,144.25,545.5,312.25,322.5,1973.25,107.75,261.6666667,2215,68,35.75,258.25,76.75,2128,628.25,273.25,1185.5,169.5,787.125,65,385,29.75,396.25,70.25,112.75,59.125,515,65,387,274,9545.5,83052,4868,3850,281,2146.5,3720.75,114.25,127,52.25,193.3333333,679,28,19597.75
BST2,64236.75,81021.5,45182.75,36762.75,104107.5,27278.5,5757,30770.75,265190,27513.25,78992,11935.75,241421.5,24100.375,440870.875,25549.75,504690,28364.5,15429.25,31425.25,13048.75,104650.25,13000.5,148679.5,38813.375,104346.375,50683.75,116620.5,179666.75,185647.25,80127.75,361081.25,80463,49452.33333,237125.25,102796,76939,59284.33333,46165,200600.6667,54334.25,51686.5,135115
BTLA,41202.75,17328.75,62134.5,40962.75,8332.75,1442,997.6666667,2747,6070,13385.5,28195.25,7859.75,3387.5,15266.625,3889.875,22422.75,3685.75,11139.75,13101.25,10286.25,6505.25,32545,7006.25,8048.25,4679,2917.125,4855.25,1032.75,3930.5,3576.5,18096.25,6172.25,2392.75,1699.333333,11951.75,2712,3075.75,2522.666667,1785.75,15180,829.75,1736.25,3522
CADM1,0,0,0,0,0,0,0,0,0,0,0,0,0,0,0,0,0,0,0,0,0,0,0,0,70.875,0,0,0,0,0,0,0,0,0,0,0,0,0,0,0,0,0,0
CD160,0,0,0,0,0,0,0,0,0,0,0,0,0,1766.875,0,2414,0,0,0,0,0,3906,324.25,539.75,11336,0,17011,0,0,0,881,0,0,0,320.75,0,2784.75,0,38907,0,0,0,0
CD177,0,0,37.75,0,0,0,0,0,0,53,858.5,0,0,34.125,0,0,0,271.625,518.5,1120.25,0,525.75,14.75,268,0,309.75,0,0,0,0,68,0,434.5,0,597,0,136.5,622.6666667,0,0,0,14102,12947350.5
CD2,1318,0,2687.5,1510.75,139.75,90406.5,77812.66667,36722.5,410340,45234.75,79078.75,61051.5,265503,74573.375,240009.125,67115.75,160118.25,114461.25,75874.5,55713.5,35363,81457.75,122122.25,300216.75,114600,113705.375,78690,97941.25,12455.25,11457.25,3301.5,6359.75,7931.75,0,9416.25,3599.5,252752.5,142411.3333,64443.75,58129.33333,776.75,14588.75,37697.75
CD200,7628,6486,5819.25,14226.75,1387,9269.75,0,2680.75,20309.66667,534,16257.25,1454.5,9871.5,845.375,10297.75,169,8217.25,4289.625,2825.75,153.75,3017.25,28734,6632,13066,6496.75,5289.125,12993.5,4433.25,2594.75,19123,10438.5,5654,0,0,8873.5,26077,30251.5,7933.666667,3044.25,2369,376.75,1585.5,0
CD200R1,909.25,4194.25,669.25,2751.25,0,2950.75,1462,0,7004.666667,1542.5,518.75,4393.75,5240,9139.375,6387.5,587.5,7392.5,4531.5,7601,9276,2487,2272.25,6213,2847.5,1629.375,129495.875,868.5,256123.5,25881.5,8662.5,0,0,11458.25,8764.333333,23560.5,854.75,2365,1645,358.75,1031,106052.5,46167.5,141498.5
CD209,1339,0,0,0,0,0,0,0,662.3333333,0,0,0,0,0,0,0,0,0,0,0,0,0,0,0,0,159.125,0,318.25,136.75,0,0,0,0,0,0,0,0,0,0,0,0,0,0
CD226,153.25,12582.25,51.5,2721.75,0,12709,740.6666667,507.75,4267.666667,6943,24845.25,23730,37164.5,36787.375,45434.25,25607,34284.5,23339.625,26446,27865.75,6753,38179,29588,116193.75,31322.5,51081.5,27438.75,28694.5,7829,6376.25,1007.25,0,22128.75,0,32179,15374.5,70024.25,66858,46896,74366.66667,2362.75,1176.25,2929.75
CD244,187.5,836.25,0,0,1542.75,285.75,0,524.75,0,0,0,390,0,4168.25,1048.875,4710,578,1330.625,2661.25,771.75,373.75,545.25,2817.5,0,13043,3498.25,12094.25,4783.75,5598.5,1358.75,1081.25,0,4835,0,22548.25,14506,14551.25,32837,19240.75,38108,22841,4514.75,0
CD27,10116.5,13582,262.75,0,26148,51088,18959.66667,42935,53680,45526,67285.25,50402,17675.75,17541.5,3716.375,4092.5,7432.75,23315,27112.5,39042.75,50405,79906,24402.75,33984.25,17252.625,8858.375,14153.5,4439,0,0,102.75,0,0,5649.333333,0,0,11238.25,0,0,0,0,0,0
CD274,0,1138.75,0,10327.5,0,0,0,0,855,0,0,0,451.75,43.375,4367.625,86.75,8550.5,228,0,0,0,3072.75,0,769.25,340.375,1100.25,314.75,740,0,229951.25,193.5,52492.5,1561.5,202998.3333,0,0,0,585.3333333,0,5922.666667,886,670.25,0
CD28,0,15991.75,10893.75,5024.75,16195.25,100649.75,12286.33333,59053,149150.6667,26290,126049.5,41752,191574,39747.125,122356.625,27639,80553.5,68776.625,57756.5,50579,18298.5,42396.5,44642.5,142556.75,22716.5,19437,8015.5,3734.5,1515.75,31757.5,165,919.25,785.25,14446,26574.5,28907.25,2613.75,39118.66667,1008,23992.33333,18487.25,5925.25,54713.75
CD40,71396.75,36311.25,125019,59341.25,28170,122,354.6666667,405.25,4251.666667,159.75,263.25,0,11305,289.125,1941.375,375.25,751.75,761.5,380.5,256.75,0,0,0,186,259.375,719.875,329.25,436.75,3850,341532.5,1938,63617,1362.25,1264,20146.25,12787.5,1107.75,613.3333333,1752.75,1182.666667,5299,5015,22183.75
CD40LG,3379.25,7702.5,0,17599.5,8112.25,0,0,1808.5,0,1654.5,11021.75,4572.5,17666.75,6493.25,27154.75,1678.75,30005,2558.625,3603,2189,3334.75,0,0,1403.75,0,1230.5,0,1007.25,0,17030,0,9176.25,1974.5,22738.33333,3951,0,0,0,0,10342,0,5453.5,81380.25
CD44,223469.5,880272.75,163487,1109661.5,243533.75,398328.5,225283.6667,344936.25,328314.6667,281411.25,216468,324258,347101.5,343450.625,443230.375,284555.25,398424.25,334476.125,366830.5,340754.75,177048.5,240594,331157,239762.5,353979.375,417799.125,284573,486789.25,428233.25,1437689.25,399352.75,637493.75,971891,2098199,1119936,974203,677009.5,550983.3333,112841.25,686109,194335.25,69127.5,1860826
CD46,11689.25,16914,16126,9229.75,7494.25,25321,4790,29898.5,12237,33740.25,22417,37936,11570,25644.5,33448.125,14766.75,29019.25,33367.125,38043,32383.75,34461,22293.25,42094.5,13367.25,26232,31262.875,23800.5,29489.75,8481.75,24888.5,11535.75,13230,95209.25,9374.333333,80392.75,55883.75,24807.5,18054,12774,25148.33333,29113.25,34886.5,272341.25
CD47,71677.25,62688,142755.75,90130.5,67379.25,346244.75,31501.33333,192046.5,176658.3333,346411,114563.5,443205.5,88976,312446.875,191366.125,148113.25,174499.25,371637.25,441585.75,365028.25,262381,76983.75,376192.25,197228.25,296497,178671.125,187312.75,126927.5,122749.25,67961.25,307296.75,132919.5,358107,119169.3333,449515.75,377289,300017.5,106378.3333,247541.5,221807.6667,339053.25,297800.5,4540688
CD48,198390.25,365052.75,133248.75,448324.75,248155,386549,90538.66667,337016.75,487391,355501.25,309606.5,379353,487402.5,359561.5,575661.75,287204,585744.25,387454.875,416664.5,364904,419156.5,552153.5,504700,305506.5,505015.125,445266,448472.25,426870,486521,326816.75,136820.5,75340.5,544333.5,435246.6667,741013.25,704683,383415.75,831174,473105.5,978959.3333,201122.75,153676.5,527370.5
CD55,39145.5,4137.25,26561,1543,14436,8575.75,0,12014,434.3333333,21895.25,55381.5,10563,2568.5,4827.5,14123.75,1538.25,26788.5,15745.25,17802.75,12788.25,49335.5,81922,11835.75,13210.5,5328.25,17139.25,3804.25,9359,8300.5,4364.5,7965.5,2101.5,137522.5,28283,68055.75,100672,44248.75,56919.33333,3285.25,80647.33333,120848.5,69610,129291.25
CD58,8104.25,34969.25,1402.5,59012.75,2014.25,56156.5,12981.66667,7303.25,8796.333333,433.5,8812.75,11427.25,25524,20535.5,29552.875,11596.75,26443.25,17905,20549,15957.75,8131.25,14252.25,17487.75,27832.5,28460.25,35343,24430.75,31369.75,26943.25,63193.25,5525.25,8347.25,78526.75,54028,36471,71035.25,13253.5,53558,28559.75,92196.66667,17261.5,41287.75,478734
CD6,679.25,569.25,4491.5,387.75,834.75,95029,17137.66667,85659.25,108791.6667,135100,76091.75,130806.5,143860,107819.125,84484.125,60041.5,45206.75,177128.375,169910.75,137750,76133.25,73068.75,83440,118792.25,88602.5,42921.5,61784.75,28440.5,439.75,273.75,173.5,0,400.75,63,0,18,257.5,0,24572.75,141.3333333,761.75,1307,1683.5
CD70,1976.75,37026,699.5,48282.75,0,12633.75,591,0,8495,0,4367.75,2342.75,20793.75,4550.625,63892.25,0,40332.25,1267.875,551.75,4333.25,1035.75,23423.5,2823.75,110744,2324.625,140052.625,370,66184,4718.25,22944.75,1984.25,5918.25,7536,13880.66667,13009.75,3577,1510,17051.33333,981,414692.6667,6746.5,309.75,6728.5
CD72,55116,26835.75,155467.75,83650.75,180.5,6108.25,1871.333333,6624.25,239.3333333,1809.25,670.5,1493.5,460,407.25,2150.25,662.25,1949.25,4379.25,245.25,5146.5,2904.5,964.5,4342.25,815.5,1834.125,1900.25,3076.75,502.5,7790.5,513.75,6808.75,124,468,0,1477.75,0,8227,199.3333333,635.25,1042.333333,240.25,0,492.25
CD80,682.25,0,0,0,0,264.5,0,0,0,0,0,0,0,0,629.25,0,0,0,0,0,0,0,0,676.75,0,446.375,0,0,0,1452.75,0,0,0,0,0,0,630,0,0,1158.333333,0,0,0
CD86,0,1283.5,320.5,5056.25,957.25,0,0,0,0,0,0,0,3489.5,0,2815.625,0,3270.75,0,0,0,79.5,0,0,205,0,1280.25,0,451,9319,41691.5,525.25,4366.5,6498.75,4262.666667,27708,15215.75,0,2543.666667,0,7130.666667,231,0,0
CD8A,45.25,0,185.5,96.25,726.25,156.25,216,77.5,1480.666667,183.75,294,295,248,952.375,92.875,1420.75,82.75,546,289.5,466.75,690303,716363.25,725739.5,357319,927916.875,469707.5,1069294,475178.5,59.75,371.25,80.75,283.5,436.75,0,1055.5,356.25,26522.25,22270,49109,6948.666667,163,148.5,203
CD93,20.5,0,0,129,447.5,0,0,0,0,0,169.25,0,0,0,680.25,0,248.25,0,0,0,913.5,0,0,241.5,0,0,0,0,19870,24843,1325,199.25,256173,37691,99442.5,24543,510.75,0,2236,2499,0,544.75,630264.25
CD96,294.25,0,0,2029.25,31695,4071,1275.666667,3338,14076.66667,5062.75,26596,9920.5,11845,11969.125,9060,12947.75,11731.5,6216.25,9517.5,10735,5921,11253.5,11211.25,7335,8827.5,19127.875,2587.75,19672,4458,3150,8608.75,8135.25,1507.5,32245.66667,9425.25,2975,7638,56106.66667,5388.75,66279,0,29264,60631
CD97,7778.5,79355.5,1981.75,107995.25,4239.5,59812.75,12865.66667,43762,121405.6667,37549.25,80481,48979,103908.75,50943.375,126048.625,42779.25,126852.5,48590,59513.25,67731.25,39902.75,96860.75,52669.75,88590,72690.125,112710.625,71045.75,114965.5,209509,141510.25,165026.75,65764.5,298184.75,168041.3333,759266.25,649760,109860.5,121822,76130.25,234936,236135.5,264471.5,475025.5
CDH1,395,158.25,55.75,0,0,0,0,0,0,195.5,0,0,0,496.375,0,992.75,0,0,0,8455.75,0,274.25,464.25,120,0,229.75,0,0,818,0,1976.25,3158.75,651,0,0,482,149,0,191.5,0,0,357,0
CDH2,0,0,0,0,0,0,0,0,0,0,0,35,0,10.5,0,0,0,5.625,11.25,45.25,0,0,4.25,0,5.875,0,0,0,0,0,0,0,0,0,0,0,0,0,0,0,0,0,0
CEACAM1,5.25,17,0,0,0,2622.75,71,766,19216.33333,35.25,2834.75,209.75,2527,72.875,2761.5,15.25,2940.75,94.5,189,70.5,30,3840,9.25,745.25,8.875,344.375,11.75,69.75,3,0,0,34.5,0,0,68.5,71.75,0,1141,0,2509.333333,486.25,364464.75,4091336.5
CEACAM5,2082.5,0,766,0,0,528.75,0,0,2804.666667,0,0,0,0,0,370.5,0,741,739.875,0,0,0,0,164,1294.5,644.375,0,680.5,0,509.25,0,1098.25,0,921,0,509.5,271.75,293,0,343.5,0,0,427.75,0
CHL1,1386,1886.25,1485.25,4814,0,3341.25,0,3615.5,2918.666667,0,2372.25,0,3746,1357.375,376.125,1666.5,752.25,306.625,613.25,813.25,0,7567.75,399.5,10410.25,4192.375,885.625,5161.5,1239.5,2364,4665.5,2293.75,2804.5,0,0,7220.5,12772.5,1662.5,710,1709.75,550,0,942,0
CLEC2B,0,0,0,2250,0,0,3630.333333,0,10211.33333,0,17353,0,28937.75,0,17814.625,0,20540,0,0,0,0,18018.75,0,18620.25,11329.25,22582.75,2947.75,20239,6192.5,0,0,8396.5,0,22978,3463.25,9983.25,1941.25,44904,7436,39682.33333,0,3231.75,49930
CLEC2D,0,1202.75,0,17670,0,558,0,0,6930.333333,2339.5,2237.25,8049,3328,1073.25,0,0,0,1694,2780.75,3124.5,0,0,1935.25,0,330,0,0,0,0,2954.25,0,17029.25,0,0,0,0,0,0,0,967,0,0,0
CNTN1,0,3222.75,0,1339.5,4086.75,689,162.3333333,806,0,1408,2420.25,0,438.25,520.75,2051.375,440,816.5,1015.5,0,801,924,406.75,628.75,326.5,1289.75,2858.625,1022.25,0,0,3404.75,0,319.25,0,0,0,574,1015,0,749.25,349,485.5,1279.75,0
CR2,103990.75,3394.5,90809.5,3084.25,94.5,36,6253.333333,621.5,0,49,144.75,337.75,151.5,3384.125,621.875,6768.25,730.25,0,0,402.75,0,166.5,64.25,28908.75,40,720.875,4.25,332.25,866.5,373.75,97,1774.75,1301,6760.666667,1764.25,944.5,213.25,546,78.5,408.3333333,26.25,572.75,8277.75
CRTAM,1101.25,0,550.5,0,0,0,0,0,259.3333333,0,541,0,0,0,0,0,0,566.625,0,0,464,1646.75,432.75,266.25,540.625,5617.375,428.75,10581,3097.75,421,1217.75,0,0,0,0,0,1150,1709.333333,0,0,1395.75,0,0
CSF1,0,0,0,0,17128.5,0,0,0,0,0,0,587.5,0,741.75,2629,0,0,727.125,1454.25,1745.25,0,0,259,590.75,1120,237.5,1059.75,233.75,193.25,0,1400.5,166.75,287,0,11151,0,62,1506,0,8823.333333,9336.25,5317.5,17959.25
CSF1R,0,47.25,0,84.25,95.5,190.75,0,24.25,4248.333333,0,1055.5,117,1923.25,47.875,3081.75,65,4731,0,0,0,52,1238.5,133,0,183.125,573.25,116,77.75,0,258.5,0,330,158.75,858.3333333,851,1125.5,0,652,121.5,873.3333333,237.75,103.25,101
CTLA4,0,0,0,0,0,3354.75,0,0,8593,0,8868.75,0,0,0,6181.25,0,9908.25,1675.375,0,0,1070.5,11325.75,0,5973.75,256.125,7917.375,512.25,6608,0,0,0,0,2594.25,0,9010,1023.5,2146.5,8260.333333,0,9330.333333,0,5129,0
DSC1,2663.75,33634,490.75,10173,188100.5,8810.25,21405.33333,2459.25,24212.33333,937,296.5,1725.5,957.5,2842.75,4524.375,1681.25,3233,24284.125,2267.25,1080.75,20874.5,3485.5,1870.75,999.5,29434.5,7142.25,53583.75,13184.25,42387.5,21949,52464,197.25,1990.5,2260,2551.25,12030,9710.75,0,5604.5,1729.333333,9702.75,7144.25,21168.25
DSC2,31277.25,8956,354.5,16399.25,17789.25,1243.25,17320,1365,11425.66667,1305.75,3606.5,702.5,30009.25,2453.25,4379.25,3936,4494.75,5234,789,837,483.25,3582.75,1078.5,2898,1985.625,3052.625,3279.75,1511.5,483.25,17108.75,178.25,4652.25,5596.75,32710,6576,9649,920.5,9190,897.25,1281.666667,6792,450.25,40889.5
DSC3,0,0,0,0,0,0,0,354.5,0,644.5,0,961.5,0,0,0,0,0,967.25,365.5,1181.75,0,0,1018.5,0,586.125,156,506.5,0,0,0,1053.75,0,0,0,3824.75,1452.75,0,0,0,0,1651.75,0,33703.5
DSG1,1764.5,4643,1613,3348.5,86693.25,170.25,5051.333333,2303.5,2589,180.75,467.25,1438.25,1897.75,1872.25,1553.125,465.5,742,19235.25,384.75,937.25,13722.5,399.25,229,883,26058.625,2826.125,48162,5041,15066.75,2816.5,23666,1896.75,4490.75,915.3333333,1273,148.25,141.5,403.3333333,1804,1735.333333,4561.5,3050.25,1042
DSG2,0,0,0,0,0,15.75,0,0,0,0,658.5,386.75,0,239.125,0,25.75,0,0,0,0,2522.25,149.5,238,0,2442.5,554.125,0,0,0,0,0,210.75,0,0,243.25,0,0,0,0,47.66666667,0,0,4109.75
EFNB1,906.75,0,0,0,0,573.75,0,264,1187.666667,0,304.5,574.75,0,205.875,0,0,0,215.25,0,0,204.25,0,0,3472.5,311.25,1333.5,622.5,446.25,20216.75,1682.25,173,0,428.25,9808,3678,9487,1297.25,700.3333333,459.25,0,0,0,0
EPHA2,700.25,0,0,0,0,203.25,0,165.75,0,0,0,0,0,116.625,38.25,233.25,76.5,155.75,0,0,0,0,0,0,194.875,0,0,0,0,751.5,5470.25,7181.5,0,1032,213,213.5,579.75,0,239.75,0,1220.5,0,1248.25
EPHA4,586.5,0,144.5,0,0,121.25,0,253.25,527.3333333,0,229.5,245.25,235.75,67,419.375,134,520,193.25,183.75,0,0,309.5,114.75,1220.75,0,294.875,0,0,0,969.5,0,0,0,1368.666667,450,0,928.25,542.6666667,48.75,0,147,0,0
EPHB1,0,0,0,0,0,1179.5,0,0,0,0,0,0,0,0,0,0,0,235.125,0,0,0,0,0,0,0,0,0,0,0,0,2048.5,0,0,0,593.25,1305.5,0,0,0,0,0,0,0
EPHB2,6691.25,1827,0,1204.5,0,0,1082,686.5,1545.333333,1741,152,1527.75,1168.75,850.125,1261.5,1365.25,838.25,226,452,80.5,912.5,433,625.5,1068.25,1717,651.375,754.5,1136.5,1564.25,1277.5,3340.75,1507.25,888.25,2253.666667,579.75,0,749.75,783.3333333,1400.75,942.6666667,1274.25,1229.5,3784.25
F11R,8274.25,8040,5310.75,24792.75,11512.5,18522,3475.666667,19153.25,59802.66667,27775.5,23838.75,50301.5,18085.5,30371.625,16851.875,17641.25,16631.5,30966.125,32103,35014.5,35359.5,45437.5,41473.5,28648,22660.125,18659.25,23443,14954.25,98297.75,59036,69472.25,39614.75,147370.5,38306.33333,102311.75,63725.5,27962.5,29441.33333,27404.75,16715.33333,68918.25,40252.25,74604
FAS,2981,13313,752.5,12879.25,10347.25,151539.75,64020,15457,81939.66667,1380.5,21521.5,39892,89166.25,38994.5,118213.5,8632.5,104156.5,44608.25,51608.25,31969.75,691.75,33821.75,19781.25,117449.75,27126.625,97604,13957.75,76039.25,6924.5,17367.5,3529.75,2958,11802.75,5861.666667,15685.75,10517.75,531.25,26552,2145.25,42555.66667,5998,2957,216198.5
FASLG,0,0,0,0,0,0,0,0,0,0,0,0,0,583.625,0,0,0,0,0,0,0,0,0,0,1393.625,0,2241.75,0,0,0,0,0,0,0,2928.75,6367.25,0,4448,2866,9285.666667,0,0,0
FCER2,6399,17209,21826.5,24720.25,3112.75,422.25,0,0,0,0,0,0,0,0,252.875,0,0,0,0,0,332,0,384,0,169.75,0,0,0,0,0,0,0,13834.75,0,0,200,0,0,0,0,0,219.75,10004
FGFR1,0,0,0,0,0,58.25,0,0,0,0,155.5,0,0,0,0,0,0,0,0,0,0,0,0,0,0,0,0,0,0,0,0,0,0,0,0,0,0,0,0,0,0,0,0
FLT3LG,0,0,0,0,0,1182.5,0,0,0,0,3021.5,0,0,0,0,0,0,357.75,715.5,0,693.25,3780.5,0,0,1280.125,0,0,0,2796.25,0,1856.25,0,0,0,0,0,854,0,0,3000.333333,0,0,0
GLG1,36911.75,66407,25448.5,67400.25,112105.25,78600.75,24498.33333,70777.5,153081,96824.25,96668.5,89242.25,95508.5,70821.375,89884.125,66700,89985.25,84382.5,91743.25,83092,72362.5,74756.25,74764.75,66382.75,97499.875,67493.375,108919.25,70088.25,151343.5,83582.5,191930.75,70044.25,159987,71163.66667,223713.5,204811,93518.75,120217.6667,103014.25,99089.66667,15558.5,29286.75,136672
GP1BA,277.5,327.75,55.75,619.75,290.25,42.25,0,194.25,208.6666667,741.25,215,21,258,220.5,147.875,404.25,168.75,42.125,31,27,30.75,222,26.25,356.75,51.375,152.125,102.75,141.5,903,376.25,498.25,292.75,24006.5,319.6666667,64087.5,93748.75,219.5,367,150.75,142.6666667,8155,52.5,0
HLA-E,25643,48223.75,26674.5,70844.5,11825.75,92552.25,11990.66667,54417.5,88061.66667,56221.5,59821.5,82533.5,87874,60726,112358.75,37336,113859.75,59120.375,52309.25,45076.75,63097,81286.75,52737.25,94084.25,81499,62755.25,88784.25,39501.75,44835.75,143545.25,86938,90522.75,56473.25,11647.33333,85476.75,137218,70674.5,38288.66667,85947.25,56691.33333,95739.5,57135,683190
HLA-F,55939.25,18164.25,26218.5,11775.25,12659,132255.25,22665.33333,70000.75,64187,70709,43247.5,116204.75,57460.5,130891.75,86461.75,126581.25,78604,89574.75,75041,94284,117454.25,78169.5,98381.25,86020.75,180965.375,84631.5,204175.5,96470.75,56070,93531.75,65021.5,96481.5,57352.25,12418.33333,226103,162963.75,265416,49606,273114,74785,31652.75,26149.75,52699
HLA-G,124262.25,119019.25,52894.25,238156.75,79761.75,167069.25,39320.33333,67389.25,314056,113555,161649,209198.25,183758.5,184560.875,360707.75,138893.5,357396.75,150423.625,182172,103138.5,136163,318672,191675,326746.25,218230.875,345127.25,214493.25,358015.75,106880.75,203831.25,61652.75,182690.25,222931,137622.6667,368635.75,237754.5,111862.75,36611.33333,111056,257977.6667,101883,36444.75,308143
ICAM1,12174.25,45243.75,6416.75,79924.75,2332.75,9011.5,2335.333333,3187.75,41484.66667,457,27195.75,2528.5,75609.25,7050.875,183201.125,6848.5,167189.5,4969.25,4884,7124,761,60351.25,7028.75,142761.25,21832.75,121305.625,23804,93425.75,98038,672715.75,98484.25,148684.5,135881,473595.3333,287151.75,263960.75,45973,87025.66667,18407.25,118886.3333,22294.75,1070.25,132981
ICAM2,26584,29323.5,22302.75,29645,21942.25,66457,20705.66667,33710.25,50300.33333,23063.75,17794.5,30151.25,59642.75,47615.375,42517.5,31908.75,28161.25,51351.75,62074.25,64120.5,22098,19090.5,53129.25,67630.25,69196,13559.75,71228.75,3455.5,72986.75,4452,10424,10805,120843.5,15166.66667,287487.5,214746,77565,1094,86213.75,6549.666667,58328.5,1842,0
ICAM3,128135,148574.25,107433.25,195757.5,29917.25,248265,70989.33333,141068,132310.3333,118913.75,80150.75,176027,163186.5,207803.25,159963.5,180487.5,132011.75,153056.625,185402.75,153420.75,115816,78125.25,165262,170148,360708.25,119641.625,384650.75,94742.5,264739.5,129754.25,95658.5,51628.5,510320.25,258051.6667,504175.25,458414.75,302625.75,262392.3333,309215.25,214388.6667,264159.25,356032.5,3431117.5
ICOS,0,480.25,394.5,0,0,15507.25,0,638.75,14594,1683.75,68038.25,14897.75,32128.25,1465.375,65638.375,0,58112.25,7433.75,12596,10353.5,2489.5,45312.5,611.75,41500.75,5206.5,20184.625,4569.75,22889.75,0,0,0,0,12252.25,0,17405.75,8329,1466.5,8998.666667,7525.5,33709,2061,2380,3641.75
ICOSLG,773.25,2107,95.75,17047,967.5,1397.5,0,0,0,0,0,159.25,0,99.375,0,0,0,0,0,0,0,0,0,0,172.125,161.875,113.5,323.75,0,1866,1971.75,11737.75,0,0,0,0,0,0,0,0,0,0,0
IFNGR1,1910.5,9169.5,1086.25,24057,0,1182.75,0,244,0,0,39982.5,369.5,2627.25,984,2676.625,544,3787,510.75,215,345.75,364.75,20099,1990.75,32732,1233.25,17540,815,16607,9964,2813.75,5116,0,6562.25,3779.333333,10640.25,20696.5,257,13033.33333,2465,7407.666667,1265,0,46892.25
IL1RAP,0,1735.25,0,2669,11415,4978,354,6050.25,0,2088.25,4147,1601,6749.75,1952.25,7851.25,2118.5,6206.5,1288.375,1896,4017.5,1079,4582.75,1261.5,9672.5,2264.25,6410.625,2918.5,428.75,5711.75,5030.25,3154.25,942.25,35885.5,11738.66667,23802.75,17013,19416,21784.66667,21676.25,8691.333333,8894,31682.75,32573.75
ITGA2B,23769.25,111.25,2657.5,359.75,123.25,26.75,8,1771.5,65,97.5,72.5,828.5,130.75,3274.625,318.75,6408.75,488.25,81.5,141.25,865.75,2945.5,80,118,6296.5,82.5,40.625,104,32.75,13229.25,183.5,5002,179.5,689293.25,9010.333333,707036.25,584000.75,41.25,187,76,341.6666667,103038,242.75,3812.5
ITGA4,46215.5,24240,25206.5,31133.25,39045.75,31418,1166.333333,18505.5,176836.6667,13602.75,177512.25,37261.75,155456.75,48914.5,155160.75,34243.75,153901.25,38264.75,37508.5,15862.5,14267.5,71682.75,49692.25,78424.25,81753,108604.875,84367.25,98483.25,122439.5,26856.75,94998.75,45784.75,62466.25,0,310973.5,308355.25,72411,20453,40487.25,27267,55724.25,45774.5,9364
ITGA5,183.5,1136.25,92,465.5,2009,10000.75,1113.333333,3146.25,1621.333333,2579,1623.5,7980.25,1810.5,6556,2246.625,3153.25,2348,10353.125,12082.25,15811,2151,3510,8922.5,2240.25,12524.5,4090.25,15016.25,1882.75,68633.75,37216.25,3600.5,266.25,139073.75,71085,46749.25,22170.25,41042.25,74530.66667,12375.25,29041.33333,1393.5,2209,9931.75
ITGAD,0,0,0,1785,0,0,0,0,0,0,0,0,0,0,2381.625,0,2462.75,0,0,0,0,0,0,0,0,0,0,0,0,0,0,0,0,0,0,0,0,0,0,0,0,1444.5,0
ITGAL,32314,128257,16524.25,172016,11188.5,154519,71892.66667,100327.5,247319.3333,84887.5,249116.75,146110.5,277026,187716.25,242665.875,159814.75,216332,152537.5,143076.5,132397.75,91568.75,204345.75,187661.25,203306,332407.625,239257.125,355532.5,241736.75,236423.5,136329.25,196221.5,108348.5,373777.75,217826.3333,771645.25,963102.75,265535.25,281762.6667,359403,339456.6667,47660.25,93523,448976.75
ITGAM,23989.5,2615.75,499.5,1263.25,155.25,2081,326,168.75,35541.33333,166.75,2759.5,313.75,592.75,72582.625,4413.25,119056.5,5274.25,2557,1280,927.25,205.75,734.75,16320.25,4585.5,269727.25,8038.75,382502,7388.5,130231.25,36438,10199,1153.75,2244876.25,718092,2401090.5,1000634.25,1204513,161689.3333,877110.75,81267.33333,799211.5,2074226,10944590
ITGAX,117,3151,21.5,887.75,98,77.75,0,120.5,228.3333333,80.25,490.25,73.25,608.5,2405.875,918,4731.5,478.25,95.5,68.5,107.75,86.5,467.5,92.75,6475.5,8346.25,917.375,16007.25,475.75,788244.25,343567.25,592.5,395,535659.25,208173.3333,1049240.25,1714033.75,490488.25,118290,144086,8473.666667,28409.5,84903.25,139010
JAG2,0,0,0,0,0,0,0,0,0,0,0,0,0,0,0,0,0,0,0,0,0,0,0,0,0,0,0,0,0,0,0,0,0,0,0,0,0,540.6666667,0,0,0,0,0
JAM3,4450.25,1550.5,1775.75,3318.75,1852.75,3437.75,0,1504.5,1054.666667,1088.5,4134,782.75,3017,2181.75,10814.375,265.75,11565.25,2267.5,2740.25,3391.25,2464.75,1251.25,64.75,2131,1427.5,184.875,1608,197.75,0,1131.25,632.5,1925.75,4756.25,0,0,9040.5,1347.75,824.6666667,0,455.3333333,9486.75,777.5,23735
KIR2DL5A,0,0,0,0,3041.75,0,0,0,14354.66667,0,1879.75,0,4884.5,0,5112.25,0,4957.5,539,0,0,0,1026,0,1560.75,2109.25,1044.5,4218.5,1322.5,0,1781.25,0,0,0,0,0,1616.25,0,1574.333333,1399,6416,4259.75,1783.25,15646.5
KIR3DL1,2789,1092.75,4325,1477.25,3743,137.75,1035.333333,213.5,2028,0,1369.75,1106.75,1722,1109.5,188.625,1207.75,263.75,78.25,0,0,188,1649.25,0,3413.75,11489.625,3075.125,22864.5,5018.75,13367,321.75,429,373.25,165,4680.666667,590,133.25,1614.5,69066.33333,89687.75,359628,403.75,2358.25,402
KIR3DL2,0,0,0,121.25,0,0,0,1126.75,0,0,0,0,0,959.875,0,1919.75,0,199,151.75,0,169,353.75,549.75,178.25,1010.375,80,1537,160,673.5,0,370.75,0,420.25,0,0,744.75,409.25,4457.333333,2770,71392.66667,457.5,0,0
KIR3DS1,0,0,0,0,0,0,0,991.5,0,0,0,0,1049.25,0,0,0,0,0,0,0,0,0,0,0,0,0,0,0,0,0,0,0,0,1145.666667,0,0,320.75,0,1804.75,4484.666667,0,0,0
KLRB1,0,0,0,1596,0,7867.75,0,48982.25,2317.666667,266.75,0,9776.25,0,10085.625,634.5,3026.5,0,9791.875,15571.75,1947.5,0,0,838.75,0,23415.25,11198.625,11109,691,0,4887.25,38083,0,0,0,0,0,25015.75,0,30261,32058.33333,1472,0,0
KLRC1,0,0,0,0,3434.75,0,0,69.25,411,0,0,0,0,83.625,0,94.5,0,1264.75,0,0,0,0,771.75,240.25,1112.25,535.875,1152.75,425.25,0,0,703.75,0,5770.75,1039,2619.75,0,290088.5,60344.66667,8749.75,31556.66667,0,0,7455
KLRF1,2326.25,3775,0,5261.5,0,11633,1881,8335,18020.33333,1709.25,884.75,765,8817.5,6184.5,7336.75,7314.75,5481.25,1264.125,991,9089.25,3558,6695,1632,7076.5,10139,3794.25,16570,2675.75,12651.75,0,13851.5,0,8206,0,18059.25,13574.25,20391.5,1590.666667,14074.75,2628.333333,3971.5,1787.25,25744
KLRG1,0,3544.5,0,28552,0,0,0,0,26693.33333,0,0,0,28913.75,10500.375,20712.75,10227.5,19078,3584.875,0,0,934.25,2007,20468.5,6123,54401.875,17622.875,47023,18374,0,17352.75,0,0,0,26587,0,0,0,0,9627.5,0,1569.25,0,0
KLRK1,0,3969.25,0,2990.5,0,0,0,0,3790.333333,3807.5,0,1879.75,9763.75,99,19331.5,198,28623,1088.625,2177.25,0,7614.5,13646,10279.25,11008.75,9796.875,18008.375,10209.75,20092,0,4410.25,0,9042.75,0,0,0,0,15642.5,31893.66667,6938.25,37195.66667,834.75,941,0
LAIR1,26016.5,4951,53185,18653.25,7044.5,7732.25,741.3333333,22229,53367.33333,24026.25,33625.5,2876,11331,13832.875,8729.25,16889.5,14104,6723.25,2948.75,11395.5,34564,22406,9688.75,4744,23683,28359.75,34602,41690.75,10483.75,14157.75,112268.5,30632.25,145756.75,102600.3333,213000.75,175584.75,69920.25,32970.33333,66041,28155.66667,41705,42133.5,275764.75
LILRA4,0,0,204.5,0,0,649.5,0,366.75,0,0,0,0,0,0,0,0,0,0,0,0,0,0,0,0,584.125,0,1168.25,0,339.25,1021.75,88004.75,273.75,2746.25,0,0,652,0,0,482.75,344.3333333,0,2232.75,0
LILRB1,8013.5,5999.75,5309.25,10297.75,0,400.5,0,896.5,168,109.5,0,48.5,571.75,740,0,1368,0,0,0,52.75,22,0,395.5,0,5597.75,1475.125,7803,2374,26619.75,32498,53182,12038,62481,109359.6667,488992.25,378833.25,1066.5,3071.333333,3302,4140.666667,4396,6946.25,529103.75
LILRB2,987.75,2459.75,3028.75,3938.75,171.5,335.75,214.6666667,679.5,0,563.25,130,64.25,71.5,184.75,632,286.5,46,243,130.25,917.75,207.5,231.25,446.25,220.5,1633.75,256.5,2617,370.25,19050.25,102789.5,29205.75,14396,360550.5,450125.3333,1050022,1335925,122.75,2718,152.5,1138.666667,2003.75,15746,683381.25
LILRB4,253.25,2480.5,0,12462.5,874,0,0,1493.5,0,256.25,408.5,2096.25,0,1171.625,5192.625,0,10160.5,628.625,1062.5,462.25,806.5,0,159.5,0,606,64.25,753.75,0,51813,25640.5,189611.5,85644.75,45623.5,33717,26239.25,19787.5,777,0,645,0,0,94.25,0
MCAM,0,0,0,0,0,0,0,0,0,0,0,0,1457.25,0,1387.125,0,0,0,0,0,0,0,0,0,0,0,0,0,0,0,0,0,0,0,0,0,0,0,0,0,0,0,0
NCAM1,66.5,54.5,20.5,156.75,5746.75,3486,18,114.5,582.3333333,32,75.5,6.5,135.75,1239.875,124.25,2091,99.25,77.875,93.5,36.75,46,42.25,82.75,47.25,18199.5,577,28349.75,723,377.5,324.5,1236.25,1096,84.5,29,93.75,174.5,608916.5,760732.3333,100740.75,396582.6667,288.25,269.25,1657
NECTIN1,0,15926.25,0,36595.5,0,455,547,5299.25,0,0,2550.25,0,1997.25,34286.5,302.625,63433.25,0,4528.875,7128.5,8084.5,0,3933,274.5,2388,1683.125,2016.125,3366.25,0,2722,754.5,6377,39900.25,40045.5,17910,7886.75,0,0,4542.666667,1657.5,0,11999,0,5761
NECTIN2,30.75,8344.25,0,5826.75,0,76,0,25.5,3507.666667,0,2361.75,480.5,3460.5,23.625,5259.875,47.25,2531.75,505.625,561.75,594.75,478.5,1441.25,407.25,0,361.125,2339.375,0,2675.5,1362.5,328755,0,1591.75,1284.25,6301.333333,337.25,46.25,144,0,54.5,4424.333333,335.25,86,416.75
NRCAM,0,6497.75,1544.5,5636,0,2906.25,0,1039.25,15665.33333,1512.25,0,2908,0,1123.625,6001.875,1163.25,5927.75,1808.625,2954.25,4735.5,4026.75,0,3388.25,0,4227.125,0,3586.75,0,7510,0,3453.5,6002.5,7672.5,11562.33333,14050.25,9169.75,3110.25,0,2180.25,3095.333333,3905.25,2678.75,4235.75
OLR1,326,0,357.5,0,4471.25,146,0,94,89,73.5,0,33.25,9822.25,18.375,79.375,0,0,52.375,46.25,201.25,1194.25,0,57.25,33.25,84.375,0,52,0,363.5,744.75,221,30,0,60038,0,447,199,0,60.5,0,0,19136,4748005.75
PDCD1,0,8707,0,0,0,0,0,0,0,0,7631.75,2028.75,30077.75,2455.125,25458.25,1966.75,21906,3868,1879.25,0,0,1850.25,2966.25,22454.75,5081.25,6227.125,7266,3581.75,0,0,0,0,3986.75,0,0,0,0,0,0,0,0,0,14310.25
PECAM1,27882.25,2223.75,32318.75,2499,867.75,1345.75,602.6666667,8184.25,2113.666667,15922.5,5715,542.25,1544.5,2408.625,2201,4409.5,1118,719.125,925.5,1253.5,80532,78333,19515.25,15225.25,27315.625,34278.875,39167.5,42287.75,90668.75,26400.25,162369.25,86425.25,640910,113513.6667,1061893.75,1777571.25,42028,190727.3333,19877,52521.33333,97464.75,74957.5,304504.25
PI16,183.75,0,0,0,4328.25,25164.5,5909.333333,3874.75,0,743.5,0,4361,0,5226.5,414,4319.5,0,6691.875,10083.25,8973.75,413.75,0,6556.5,795.25,2247,530,312.5,1060,229,0,0,345.5,0,0,807.5,0,6865,967.3333333,388.25,0,220.25,170.25,0
PIGR,0,6567.75,1755.75,4175.75,1020.75,690.5,719.3333333,53481,9826.333333,1795.5,2585,0,0,2364.75,2934.75,3389.25,4803.75,13160.75,23650.75,1871.75,0,3199.25,375.5,3846.75,0,2523,0,4216.25,2406.25,0,0,0,8365.75,803,1132,3938.75,501.25,5457,1187.75,8040,2135,0,42806
PLXNA4,589.5,945.75,83,906.75,278,131,0,114.75,1628.666667,1242.25,4060.5,2252,450,510.375,1643.125,309.75,1516.75,1546.875,1390.75,2664.5,0,1412.5,314.75,286.5,392.875,1595.125,218,2930.75,2720.25,752.75,20690,2477.75,1266.25,2168.666667,1877,1110.25,1853.75,5423.666667,410.5,762.3333333,353.75,486,624.5
PLXNB2,357.25,3125.25,34.75,4076.25,4076.25,164,1411.666667,863.5,343.3333333,137.5,543.75,1474,1742.25,1309,3239.875,532.5,3860.25,755.375,1235,472.75,897.25,1693.75,264.25,1174,1000.25,2039.5,1953.75,440.25,85295.5,39446,126837,20136.75,187835.75,62089,371719.25,379055.5,742,1134.666667,346,2187.333333,207.75,277.5,2523
PLXNB3,17,0,97.75,57.5,26.75,0,0,0,0,0,40,0,0,36.25,216.875,72.5,191.75,42.375,0,0,111,0,492,0,117,0,0,0,140,0,0,65.75,80.5,0,0,0,0,0,0,0,191.75,54.75,1763.5
PLXNC1,763.5,825,172,2237.75,302.75,218.75,0,109.25,4682,139.25,1525.5,404,1318.75,614.5,1269.5,106.5,120.25,757.125,849.5,460,79.5,901.75,876.75,2314,1175.875,1095.75,631.5,2008.5,23477.5,4919,6269,2124.25,52738.75,2422.333333,192339.5,267061,2396.25,1952,1097,951,3300.25,45487.75,315620.25
PLXND1,65,3974.75,84.25,868,32,169.5,0,545.75,457.6666667,166.5,437.75,464.75,5620.5,225.125,3824.875,197,3213,580.375,189.5,178.5,562.75,0,264.25,0,1518.25,510.25,670.5,402,1018.75,13171.5,4073,1041.75,7921,1734.666667,12984,5622.25,2937.75,838,1041,556.3333333,57.75,470.5,0
PRR3,0,0,0,0,0,0,0,0,0,3605.75,1616.75,1634.25,0,119.375,879,0,0,516.75,1033.5,1415.25,2656.25,3693.5,225.5,1331.25,131.5,2047.125,0,938,2013.5,0,1071.25,0,0,0,0,0,624.25,3036.333333,169.5,1774,0,0,0
PTPRF,248.5,0,155.5,559.75,296,0,171,19.75,42.66666667,239.25,224.75,324.25,579.75,139.5,1327.875,69,1562.5,199.875,174.25,59.5,186.75,297.25,206.75,193.25,67.25,439.125,22,453.75,103,399.25,353,96.75,0,356,0,0,71,816.3333333,211.25,361.6666667,80.5,0,0
PVR,0,1131.75,0,538.25,0,0,0,0,629.3333333,0,172.25,0,2749.5,212.875,0,425.75,0,72.125,0,0,0,0,0,0,0,0,0,0,0,124604.5,0,0,4130.75,2711.333333,0,807.5,0,1743.333333,622,6422.666667,0,1287,0
SDC2,649.75,0,0,0,0,0,0,0,0,0,0,0,0,0,0,0,0,0,0,0,0,0,0,0,0,0,0,0,0,0,0,0,0,0,0,0,0,0,0,0,0,0,0
SELL,8547.5,22363.5,4607,22521.25,0,76498,11826.66667,54879.25,91519.33333,54196.5,20900.5,17725.75,20570.75,4404.625,9180.125,2725,14343.75,27536.75,28675,76897,34347,27535.5,12396.25,10659.75,7535.75,2084.75,10086,1101.25,4926.5,5260.75,97845,31002.5,12221.75,0,0,2611.5,99874,2528,3984.5,0,127718,1809,418222.5
SELP,613,48,205.5,0,807.5,109.75,0,205.5,50.33333333,116.5,11.25,178.5,47,174.625,41.5,100.5,45.75,237.875,53.25,133.75,14.5,0,92.5,0,63.875,83.375,124.75,166.75,98.25,84.75,365,37,22934.25,156.3333333,21759.75,6881.75,63.25,0,24.25,0,631.25,0,0
SELPLG,5193,1390.5,2903.25,5766,18856.75,32547.5,28854.33333,27031,37752.66667,9832.5,13135.5,15834.25,23595.75,31184.125,32610.625,39769.5,40490.75,14704.375,16301.5,14774.75,11804.25,11245.25,15446,19899.75,41534.125,8623.75,45578,3468.25,37292,10889,120910,71455.75,10970.25,17954.33333,93867.5,131100.25,40223.25,15555.66667,49049.75,21177.33333,114581.5,54282.75,162239.75
SEMA4A,1217,6917.5,957.75,5410.5,51261.25,980.5,541,716.75,5771.666667,1245.5,679,1036,6337.75,1018.25,7158.75,558.25,4193.5,1168.625,396.75,1057,656.25,1069.25,1263.25,6990.5,4162.25,3870.75,3967.5,1615.75,31537.5,19362.75,9749.5,21133.25,7087.5,11758,33835,32864.75,1035.25,9813,188.75,11973.66667,10481.5,22687.25,81152.5
SEMA4C,1034.25,317,1487,307.75,0,0,0,401.5,0,0,365.5,0,0,183.625,1109.625,289,1507.25,59.625,0,0,0,425.5,0,0,71,590.375,142,141.5,0,5628.25,1478.5,0,0,1817,0,905.5,1557,3417,169.75,2640.333333,315.75,0,0
SEMA4D,3005.25,34516.25,2192.75,40498.25,795,18330,4692.333333,23796,48973.66667,39955.5,52652,31638.25,63331,29001.375,65102.875,31222.25,60270.5,32302.875,25520,36611,46189.5,81304.25,38454.75,60050.5,35181.625,50786.5,31873.5,33414.25,2032,5068,11057.5,3433.5,2848,11178.66667,7150.5,7868.25,39240.5,71854.66667,32469,69108.66667,36077.25,13516.5,19254.5
SEMA7A,523.25,210458.25,51.75,430836,1949,522.75,0,1819,50,474.75,438.25,119.25,178.75,1592,8636.625,2830.5,17193.75,1292.25,1990.5,1401.25,467.75,522.5,4868.25,551,972.5,258.125,1002.25,45.25,1624.5,73876.25,4371.25,43997.5,2481,0,956,240.25,4857.25,1637,3566,1507.666667,102286.75,5232.75,6161.5
SIRPA,33,8562.5,20.25,34342.25,307.25,9492.5,153,13915,323,6767.25,8889,3817.75,3774.5,2679.125,1899.875,3062.5,1865,4573,3381.75,4538.25,1172,3870.25,1222.75,265.75,2074.375,2813,2639.25,1778.25,235620,242467.75,67806,69195,746522.75,560951.3333,482330.25,125180.25,973.5,3432,237.5,1343,72691.25,639263.75,2802239
SIRPG,1765.5,16516.75,0,12533,29062.75,162413.5,3706,57853,150149.3333,100755.25,115847,109735.5,72155.25,54353.75,23579.375,5873.25,30523,95341.5,116358.25,156506.75,59522.75,87839.75,42975.75,100359,33356.5,38135.375,16376.75,13758.5,35944,0,724.5,1055,5383,1006.666667,14921.25,35234.25,18370.75,146335.6667,472,28811,12379.5,3740,313455.75
SLAMF1,995.5,59432.25,7734.5,189838.75,14675,30018,6228,9824.25,34840.66667,7861.75,26085.25,19336.25,44087.25,22089.5,67576.75,7137.5,55620.5,25117.875,22042.75,13028.25,525.25,19078,21200.5,66139.25,20661.375,27867.75,6614.75,6021,401,162122,1688.25,9040.75,16944,22936.66667,1052,31378.75,1912.25,30642,0,73991.33333,967.5,0,0
SLAMF6,23522.75,29706.25,21151.5,31670.25,7567,29726.5,24469.33333,9848.25,22961.66667,2056.5,19376.25,10476.25,34784.75,23364.5,27933.5,24940,25449.75,16047,10831.75,14409.75,12854.5,22201.75,24452.25,39982.75,43735.125,22878,42330.25,21909.25,6736,0,10015.75,5384.25,29032,155491.3333,29415.25,7001,20518.5,4521.666667,33851.75,9975.333333,23418.25,24446.75,191390.75
SLITRK4,0,0,0,0,0,0,0,0,500.3333333,0,111,0,0,0,0,0,0,0,0,0,0,82.75,0,935,0,35.25,0,0,0,2034,0,0,0,0,0,0,0,329.3333333,0,0,0,0,0
TGFBR3,204.75,0,393,0,3001,528.25,0,0,0,228.75,5807.25,0,1410.25,2029.625,1534,2620.25,1503,135.75,271.5,2219.75,0,10132,998.25,5435.5,3663.875,2628.625,4346.75,733.5,2092.25,1119.75,1258.75,175.5,0,15183,1542,0,4720.75,5819.666667,4823.25,2482.666667,0,0,0
THY1,2393.75,0,1826.75,0,0,1315.25,0,2098.5,0,0,0,9501.75,7924.75,172,29961.75,0,0,4882.625,9765.25,3013.75,2969,1470.5,0,28176.5,876.875,10585.75,1753.75,0,13414,1091.75,3251.5,0,0,0,0,0,0,0,0,3064.666667,3581.5,1962.5,23971.75
TIGIT,1252.5,7342.75,598.5,6872.5,33112.75,4012.25,18285.66667,2504.5,22494.66667,0,4527,261.5,2627.25,365.25,6789.125,395.25,4710,1102.5,0,2876.75,1698.25,3673.25,1442,21530.5,4369.25,21952.125,5623.25,27738.25,3114,7209,6309.5,3773.5,6874.75,0,2865.75,6087.5,944,6070.666667,1151,24906.33333,7945.25,487,0
TNF,0,0,0,0,0,0,1797.666667,0,0,0,0,0,9740.5,861,2348.75,0,1832.25,1771.875,0,0,0,2463.25,0,1070.75,0,591,0,1182,0,58697.5,0,0,0,29781.66667,0,0,0,0,0,52166.66667,0,0,0
TNFRSF10A,0,583.25,0,2888.75,0,58.25,0,0,0,153.25,0,0,0,0,62.875,0,0,0,0,0,0,0,0,0,0,0,0,0,0,0,0,0,0,0,0,0,0,0,42.5,0,0,0,0
TNFRSF10C,0,0,0,0,0,0,0,0,0,0,0,0,0,0,164.5,0,329,415.75,0,0,0,0,0,0,0,0,0,0,0,0,223.75,0,0,3676.666667,5221.5,2237.75,0,0,0,0,0,15575.25,430145.25
TNFRSF13B,2523.5,15639.5,15421.5,7988.75,0,0,0,0,0,0,0,0,0,0,0,0,0,227.125,0,0,0,0,0,0,0,0,0,0,1479.5,0,0,0,0,0,0,0,0,0,0,744.6666667,0,711.5,0
TNFRSF13C,45450.25,0,42519.75,0,0,0,0,0,0,0,0,0,0,0,0,0,0,0,0,0,966,0,0,0,0,0,0,0,0,408.5,0,0,0,0,0,0,0,0,0,0,0,0,0
TNFRSF14,4208.5,0,7196,3117.25,0,949,0,5450.75,1447.333333,3761,1789,8209.5,0,5535.25,1709.625,4309.5,3419.25,4213.75,4969.75,6997.25,6238.25,1076,4015.75,1228.5,8750.25,3031,7685.75,1798.75,5004.5,1730.75,4157.75,0,4023.5,0,14850.5,9187.5,2627.25,0,4676.5,694,680.5,0,48932.75
TNFRSF17,0,2435.5,0,6611,0,0,0,0,0,0,0,0,0,0,0,0,0,0,0,0,0,0,0,0,0,0,0,0,0,0,0,0,0,0,0,0,0,0,0,0,0,0,0
TNFRSF1B,18478,4436.75,15721.5,20632.5,13593.25,9069.5,6274,6772,222577.6667,3661,25696,6455.5,65895,15533.125,101888.75,23766.25,118051.75,5380.875,5922.25,8029.25,5376,20727.25,1737,58952.25,13096.875,47982.75,14407.25,35553,47418,28958,21250.5,8686.75,13676.25,90222.66667,62217.25,53919.75,7573.75,21205.33333,6811.75,47508.33333,10486.5,17391,140115.75
TNFRSF21,0,729.25,0,1837,219.75,626.25,0,483.25,1215.333333,0,0,0,935.75,138.25,1110.125,276.5,1101.25,729.25,0,0,0,0,109,0,136.625,0,273.25,0,0,642.75,1321.5,282.75,167,1673,8171,650.25,565.5,0,0,0,0,298,0
TNFRSF4,23217,22105.25,8301.25,55996.5,1615.25,1919,4599.666667,1758,19239.66667,3298.75,21696.25,3809.5,347106.5,4230.125,574154.5,1927.5,329071.5,8963.5,5689.5,4945,269,21899.75,2803.75,108409,6055.75,31504.875,1637,21902.75,9234.5,32887.25,554.75,81147.5,8169.5,7681.333333,5908.5,8202.75,694,13912,2087.5,25120.66667,5390.75,1667.25,11408.75
TNFRSF8,37.5,445.75,519.75,606.25,950.25,122,0,103.75,12406.33333,0,1411.25,177.75,91149.75,0,132869.375,0,51902.25,52.25,104.5,214.75,801,435.5,103.75,60418.75,575.375,45636.875,198.75,6238.75,1346.25,4919.5,288.25,163.25,0,1390.333333,29971,67801,1133,4304.333333,501,12552.66667,11317,518.75,3368
TNFRSF9,0,0,0,0,0,0,0,852.5,0,0,0,0,0,0,1820.125,0,1133.5,0,0,0,0,0,0,7186.5,546.375,11130.375,1092.75,11714.25,0,0,0,0,7457.25,0,0,0,0,0,0,8780.333333,0,0,0
TNFSF10,1467.25,0,0,2530.25,71864.25,10810.25,0,13396.25,861.6666667,4194.75,4510.25,47.5,4307.5,2109.625,1773.5,1628.25,3547,2006.5,3523,7666.75,0,1013.75,1763.75,2235.25,8087.5,2698.875,10965.75,1121,8914.75,1320.25,9874.75,601957.75,2285,31028,2597,6844.25,28187,60703.33333,3382,300444,6759.5,2451.5,25969.75
TNFSF11,444.5,0,263,0,0,0,0,0,0,0,360.75,0,0,0,1373.5,0,531.25,72.25,0,0,0,602.75,437,2379.25,162,1337.125,0,0,0,0,0,652.25,1968.5,0,0,0,0,2473.333333,0,14675.66667,0,0,0
TNFSF12,1008.25,2735.25,381.25,0,0,0,0,66.25,0,0,0,0,24870.25,0,387,0,774,0,0,0,438.5,0,0,0,0,0,0,0,1023,9370,3371.75,1375.25,7051,1814.666667,39495.25,23562.75,0,0,0,0,17365.5,5312,979.5
TNFSF13,1008.25,2735.25,381.25,0,0,0,0,66.25,0,0,0,0,24870.25,0,387,0,774,0,0,0,438.5,0,0,0,0,0,0,0,1023,9370,3371.75,1375.25,7051,1814.666667,39495.25,23562.75,0,0,0,0,17365.5,5312,979.5
TNFSF13B,12319.75,0,6672.5,2041.75,0,3452.75,0,2626.75,0,0,0,1344.5,1526.5,0,0,0,0,733.25,1466.5,0,65.25,0,0,0,992.875,0,1985.75,0,11818.75,0,23979,1491.5,5487.75,0,0,1857.75,0,0,1746.25,0,777.5,2672,22128.5
TNFSF14,34235.75,0,578,5877.75,5755,7636.5,0,3996,1016.666667,2320.5,189.25,9944,2413,13661.625,3929.5,10780.75,4015.5,11446.375,15674.25,17092.5,1934.75,8541,12725.5,10748.75,42885.75,4899.375,44926,4798,4144.5,13876.5,4597.5,3151.75,11000.25,3597,14801.5,8594.25,47371.75,28240.33333,19400.5,25014.33333,17751,12819,31695.75
TNFSF4,0,4844,0,0,0,261.75,0,2648.25,0,0,0,0,0,0,0,0,0,322.125,644.25,0,0,0,3066.5,0,0,32985.5,0,64753.75,0,503.5,11275.5,1925.25,3259.25,0,2365,2170.25,650,1229,3640,403056.6667,0,1938,0
TNFSF9,0,0,0,0,0,261,0,595.5,0,1542.25,2635.5,1247.5,434.5,1358.375,0,0,0,907,1814,721.75,0,2891.25,547.5,2566.25,722.875,2537.375,0,1636.75,0,20811,0,408.25,0,0,1596.5,0,1712,2237.666667,0,4338.333333,0,0,0
ULBP3,0,0,0,0,0,0,0,0,0,0,0,0,0,0,0,0,0,0,0,0,0,0,0,0,0,0,0,0,0,0,0,0,27417,0,0,0,0,0,0,0,464.5,0,175135.75
VASN,763.75,1101.75,410.75,0,0,0,253.6666667,691,0,381.75,0,1762,468.5,1488.5,0,1866.25,0,224.625,449.25,200,888.25,0,575,0,57.125,0,0,0,675.5,0,511.25,284.25,0,0,995.5,991.25,484.25,0,0,0,2092.75,0,0
VCAM1,0,0,0,0,0,1535.75,0,2936.5,0,0,1560,259,0,2720.75,345.625,5261,0,404.875,287.25,438.75,692.25,1318.25,164.75,6151.75,1442,941.25,1988.75,0,2303,0,0,0,2175.25,0,5438.75,2939.75,0,2533.333333,0,1181.333333,1665,0,0
VSIR,9987,3750.25,4013,2012.25,3310.25,29352,3747.666667,25934.75,27575.33333,11787,10717,9367.75,6101.25,15688.625,10776.875,12416.5,15631,17080.5,20759.75,18951.75,13191.75,22691.25,23202.5,7266.75,22897.75,3225.25,22610,2226,87000.5,32858.25,28061,6399.75,407981.25,90968,733796.75,684648.75,28280.25,33395.33333,46203.25,12398,85458,140257,366578.25
LAG3,0,0,0,0,245,0,0,0,2883.666667,319.75,301,0,5994.5,0,35351.75,0,81678,164.5,0,0,0,36500,0,58423.5,16.75,62873,0,24638.25,926.75,430.75,0,2324.5,1807.75,1701.333333,1228.5,0,0,983.3333333,24,4748.333333,266,0,5676.5
HLA-DR1,20485.75,1764.5,7832.75,45308.25,0,0,906.3333333,490.75,0,0,0,0,0,0,3514,0,6225.75,0,0,0,0,0,0,415.75,0,0,0,0,37776.75,11412,13817.75,6361.75,0,0,985.75,0,0,0,0,0,0,593.5,0